{
  "project_info": {
    "project_number": "598492597740",
    "project_id": "garbage-management-syste-ea64a",
    "storage_bucket": "garbage-management-syste-ea64a.appspot.com"
  },
  "client": [
    {
      "client_info": {
        "mobilesdk_app_id": "1:598492597740:android:5f11e596b33a5a7e2084c9",
        "android_client_info": {
          "package_name": "com.baig.garbagemanagementsystem"
        }
      },
      "oauth_client": [
        {
          "client_id": "598492597740-m4in310vir1svr9peek2oa18ki5o07mo.apps.googleusercontent.com",
          "client_type": 3
        }
      ],
      "api_key": [
        {
          "current_key": "AIzaSyA0YpJtCGgx4dCw3Poh4gyKA8gN3tbim2c"
        }
      ],
      "services": {
        "appinvite_service": {
          "other_platform_oauth_client": [
            {
              "client_id": "598492597740-m4in310vir1svr9peek2oa18ki5o07mo.apps.googleusercontent.com",
              "client_type": 3
            }
          ]
        }
      }
    }
  ],
  "configuration_version": "1"
}